{
  "userImage": "./assets/sample-images/notifications/100x100Notification4.jpg",
  "name": "Stefano Rey",
  "membership": "PRO",
  "job": "Product Manager",
  "likes": "1553",
  "followers": "537K",
  "following": "636",
  "about": "I am a product manager based in Brazil. I guide new product strategy and launch initial prototype build-outs. I also work with strategic partners to establish and develop new market opportunities.",
  "friends": [
    {
      "image": "./assets/sample-images/notifications/100x100Notification1.jpg",
      "name": "Martin"
    },
    {
      "image": "./assets/sample-images/notifications/100x100Notification2.jpg",
      "name": "Jessica"
    },
    {
      "image": "./assets/sample-images/notifications/100x100Notification3.jpg",
      "name": "Judith"
    },
    {
      "image": "./assets/sample-images/notifications/100x100Notification5.jpg",
      "name": "Kirsten"
    },
    {
      "image": "./assets/sample-images/notifications/100x100Notification6.jpg",
      "name": "Phillip"
    },
    {
      "image": "./assets/sample-images/notifications/100x100Notification7.jpg",
      "name": "Diane"
    }
  ],
  "photos": [
    {
      "image": "./assets/sample-images/travel/Travel2-64.47.png"
    },
    {
      "image": "./assets/sample-images/travel/Travel3-64.47.png"
    },
    {
      "image": "./assets/sample-images/travel/Travel4-64.47.png"
    },
    {
      "image": "./assets/sample-images/travel/Travel5-64.47.png"
    }
  ]
}
